0,3D打印
1,3D玻璃
2,4G概念
3,5G概念
4,360私有化
5,AB股
6,AH股
7,BDI指数
8,IPV6
9,ITO导电玻璃
10,LED
11,MLCC
12,MSCI概念
13,O2O概念
14,OLED
15,P2P概念
16,PET薄膜
17,PM2.5
18,PPP模式
19,QFII重仓
20,ST概念
21,S股
22,VA
23,VB1
24,VC
25,VD3
26,VE
27,一带一路
28,万达私有化
29,三七概念
30,三沙概念
31,三网融合
32,三聚氰胺
33,上海国资改革
34,上海房价上涨
35,上海自贸区
36,不锈钢概念
37,丙烯类
38,东盟自贸区
39,东莞房价上涨
40,丝绸之路
41,两桶油改革
42,中厚板
43,中央政务区
44,中字头
45,中山房价上涨
46,中成药
47,中药饮片
48,中超概念
49,中韩自贸区
50,临沂房价上涨
51,丹参概念
52,举牌概念
53,乙二醇概念
54,乳业
55,二胎概念
56,云计算
57,互联网+
58,互联网金融
59,京津冀一体化
60,人免疫球蛋白概念
61,人凝血因子概念
62,人参概念
63,人工智能
64,人工牛黄概念
65,人民币贬值概念
66,人脑工程
67,人脸识别
68,人血白蛋白概念
69,休闲食品
70,低碳经济
71,体检与健康管理
72,体育产业
73,何首乌概念
74,佛山房价上涨
75,供应链金融
76,供热
77,保健酒
78,债转股
79,健康中国
80,充电桩
81,光伏概念
82,光伏电池
83,光学膜
84,光学镜头
85,免疫治疗
86,党参概念
87,兜底增持概念
88,全息技术
89,六味地黄
90,六氟磷酸锂
91,兰州房价上涨
92,共享单车
93,养老概念
94,养老金持股
95,军工
96,军民融合
97,农业现代化
98,农机
99,农村电商
100,冬虫夏草概念
101,冷轧
102,冷链物流
103,切片
104,创投
105,制冷剂
106,券商
107,前海概念
108,动力煤
109,化学制剂
110,化学原料药
111,北京冬奥会
112,北京房价上涨
113,北斗导航
114,区块链
115,医用医疗器械
116,医用耗材
117,医疗器械
118,医疗机构配套服务
119,医药中间体
120,医药工业配套服务
121,医药电商
122,医药设备和实验室工程
123,医院
124,单抗概念
125,单晶硅
126,南京房价上涨
127,南宁房价上涨
128,南昌房价上涨
129,南通房价上涨
130,印刷电路板（PCB）
131,厦门房价上涨
132,参股券商
133,参股新股
134,可燃冰
135,合同能源
136,合肥房价上涨
137,吉林房价上涨
138,含氟精细化工
139,含氟聚合物材料
140,呼和浩特房价上涨
141,咖啡因概念
142,哈尔滨房价上涨
143,唐山房价上涨
144,徐州房价上涨
145,微信小程序
146,快递
147,恒大概念
148,惠州房价上涨
149,成渝特区
150,啤酒
151,固废处理
152,国产软件
153,国企改革
154,土地流转
155,在线教育
156,地下管网
157,地热能
158,地黄概念
159,型材
160,型材（钢材）
161,基因工程药物
162,基因测序
163,塑料钞票
164,增强现实
165,壳资源
166,复合肥
167,大数据
168,大理房价上涨
169,大输液
170,大连房价上涨
171,大金融
172,大飞机
173,天津房价上涨
174,家用电器
175,宽带中国
176,尼龙66切片
177,尼龙薄膜
178,尾气治理
179,尿素
180,天津自贸区
181,天然气
182,天然气供应
183,太阳能
184,头孢
185,宁波房价上涨
186,安防
187,宜兴房价上涨
188,实体药店
189,家用医疗器械
190,川贝概念
191,工业4.0
192,工业导爆索
193,工业雷管
194,己二酸概念
195,布洛芬概念
196,常州房价上涨
197,广州房价上涨
198,廊坊房价上涨
199,建筑节能
200,彩票概念
201,成都房价上涨
202,房地产开发
203,房屋租赁
204,手游概念
205,振兴东北
206,摘帽
207,新零售
208,无人机
209,无人零售
210,数字电视
211,文化传媒
212,新三板
213,新型城镇化
214,新材料
215,新疆基建
216,新疆振兴
217,新股与次新股
218,新能源
219,新能源车
220,无人驾驶
221,无汞电解二氧化锰
222,无烟煤
223,棒材（钢材）
224,武汉房价上涨
225,民营医院
226,民营银行
227,氟化工
228,氧化铁
229,氧化锆
230,无线充电
231,无锡房价上涨
232,昆山房价上涨
233,普通电解二氧化锰
234,景点旅游
235,智慧停车
236,智慧城市
237,智能交通
238,智能医疗
239,智能家居
240,智能电网
241,智能电视
242,智能穿戴
243,智能音箱
244,有机硅类
245,期货概念
246,机器人概念
247,杀菌剂
248,杀虫剂
249,杭州亚运会
250,杭州房价上涨
251,杭州湾大湾区
252,板材
253,板材（钢材）
254,板蓝根概念
255,染料类
256,柴油
257,柴胡概念
258,核电
259,棉花
260,氨纶
261,水利建设
262,水泥
263,水电
264,汕头房价上涨
265,江苏国资改革
266,污水处理
267,汽油
268,汽车电子概念
269,沈阳房价上涨
270,沥青类
271,沪港通
272,油品升级
273,油改概念
274,油气设备服务
275,泉州房价上涨
276,济南房价上涨
277,海参
278,海口房价上涨
279,海峡西岸
280,海工装备
281,海洋经济
282,海绵城市
283,涤纶类
284,液晶面板
285,液氨
286,液碱
287,深圳国资改革
288,深圳房价上涨
289,深港通
290,湖州房价上涨
291,滨海新区
292,火电
293,炭黑概念
294,炸药
295,烟台房价上涨
296,烧碱
297,热轧
298,焦炭概念
299,焦煤
300,煤化工
301,煤改气
302,燃料乙醇
303,燃料电池
304,牛黄概念
305,物流电商平台
306,物联网
307,特斯拉
308,特色小镇
309,特钢概念
310,特高压
311,独家药品
312,猪
313,王者荣耀概念
314,环戊烷
315,环氧丙烷
316,玻璃基板
317,玻璃概念
318,玻璃纤维
319,玻纤类
320,珠海房价上涨
321,生态农业
322,生物医药
323,生物疫苗
324,生物质能
325,甲醇概念
326,电力改革
327,电商概念
328,电子信息
329,电子发票
330,电子竞技
331,疫苗
332,病毒防治
333,白炭黑
334,白酒
335,白银
336,白马股
337,盖板玻璃
338,石墨烯
339,石油
340,磁性材料
341,磷矿石
342,磷酸
343,磷酸盐
344,磷酸铁
345,磷铵
346,票交所
347,福州房价上涨
348,福建自贸区
349,禽流感
350,移动互联网
351,移动支付
352,稀土
353,稀土永磁
354,稀缺资源
355,管材
356,管材（钢材）
357,粘胶短纤
358,粘胶长丝
359,粤港澳自贸区
360,精对苯二甲酸（PTA）
361,糖
362,红参概念
363,红花概念
364,纯碱概念
365,线材（钢材）
366,绍兴房价上涨
367,维生素
368,网上药店
369,网红直播
370,网约车
371,网络安全
372,网络游戏
373,美丽中国
374,耐火材料
375,职业教育
376,联碱
377,联通混改
378,聚丙烯
379,聚氨酯
380,聚氨酯胶
381,聚氯乙烯
382,聚氯乙烯树脂
383,聚氯乙烯糊树脂
384,聚酯切片
385,聚酯薄膜
386,聚醚类
387,肉制品
388,股权冻结
389,股权转让
390,胶印油墨
391,能源互联网
392,腾讯概念
393,自来水
394,自由贸易港
395,航母概念
396,航空煤油
397,节能照明
398,节能环保
399,芜湖房价上涨
400,芯片概念
401,苏州房价上涨
402,苹果概念
403,茯苓概念
404,草甘膦
405,药品分销
406,葡萄酒
407,蓝宝石
408,虚拟现实
409,蚂蚁金服概念
410,蚌埠房价上涨
411,蛋氨酸
412,融资融券
413,螺纹钢
414,血塞（栓）通
415,血液制品
416,装配式建筑
417,西安房价上涨
418,西安自贸区
419,西洋参概念
420,覆铜板
421,触摸屏概念
422,证金持股
423,诊断试剂
424,语音技术
425,调味品
426,贵阳房价上涨
427,赛马概念
428,超导概念
429,超级品牌
430,超级电容
431,超细纤维类
432,足球概念
433,跨境电商
434,车联网
435,转融券标的
436,轮胎
437,连翘概念
438,迪士尼
439,送转预期
440,通用航空
441,郑州房价上涨
442,醋酸丁酯
443,重庆房价上涨
444,量子通信
445,金华房价上涨
446,金融IC
447,金融改革
448,金融机具
449,金银花概念
450,钒电池
451,钛白粉
452,钢坯
453,钨
454,钴
455,钼
456,铁精粉
457,铁路基建
458,铅
459,铜
460,铝
461,铝电解电容器
462,银川房价上涨
463,银杏叶概念
464,锂
465,锂电池概念
466,锂离子电解液
467,锂锰电解二氧化锰
468,锌
469,锡盐
470,锦纶丝类
471,锦纶切片
472,镇江房价上涨
473,镍
474,长春房价上涨
475,长沙房价上涨
476,阻燃树脂
477,阿胶概念
478,阿里概念
479,除草剂
480,雄安新区
481,集成电路
482,青岛房价上涨
483,青霉素类概念
484,靶材
485,页岩气
486,顺酐类
487,风电
488,风能
489,食品安全
490,饲料概念
491,驴皮概念
492,高校
493,高端装备
494,高送转
495,高铁
496,鸡
497,鸡尾酒
498,黄磷
499,黄芩概念
500,黄芪概念
501,黄连概念
502,黄酒
503,黄金
504,黄金水道
505,黑磷
